,baseMean,log2FoldChange,lfcSE,stat,pvalue,padj
ENSMUSE00000848271,743.37774071016,0.974922333402165,0.27791223305224,3.50802238064455,0.000451451068809907,0.0410820472617015
ENSMUSE00000858993,4046.23880010256,1.16803365121292,0.208076459352691,5.61348292279952,1.98294180071541e-08,9.0223851932551e-06
ENSMUSE00000886122,230.633125866495,1.37715149823761,0.385180354983031,3.57534199348842,0.000349770370972518,0.0353656708427769
ENSMUSE00000740055,2697.22844147348,2.52647268016846,0.36913690207012,6.84427015018005,7.6866745190155e-12,6.9948738123041e-09
ENSMUSE00000741744,931.390674282815,1.03523340830191,0.294804558680629,3.51159226619496,0.000445430813014066,0.0410820472617015
ENSMUSE00001059081,2224.65592108783,1.68363575808095,0.241343550092973,6.97609593226071,3.03495530368872e-12,5.52361865271346e-09
ENSMUSE00001369189,225.955752818981,1.65977403403621,0.456099481803757,3.63906143342287,0.000273633522103539,0.0353656708427769
ENSMUSE00001371370,191.933372541321,1.73785172992767,0.369770619200396,4.6998102058126,2.60403389815627e-06,0.00067704881352063
