,baseMean,log2FoldChange,lfcSE,stat,pvalue,padj
ENSMUSE00000818725,47.6478896537232,3.04625384863765,0.578977926859789,5.26143348013224,1.4293660201772e-07,7.01659897460318e-05
ENSMUSE00000821972,172.271736955545,2.6156453793688,0.655591107175124,3.9897511585222,6.61426494412545e-05,0.0243515187692885
