,baseMean,log2FoldChange,lfcSE,stat,pvalue,padj
ENSMUSE00000848271,743.180499433388,0.974926859251561,0.278026900609695,3.50659183378878,0.000453884786752536,0.0413035155944808
ENSMUSE00000858993,4046.01134204416,1.16803365226979,0.208076550668405,5.61348046436618,1.98296998671311e-08,9.02251343954464e-06
ENSMUSE00000886122,230.608078595307,1.37713330468747,0.385103065682741,3.57601231308294,0.000348875226434596,0.0352751617839425
ENSMUSE00000740055,2696.76862028785,2.52647233149422,0.369134818620709,6.84430783564257,7.68465147566201e-12,6.99303284285243e-09
ENSMUSE00000741744,931.298194192498,1.03523436503009,0.29485861309152,3.51095175472717,0.000446505425696125,0.0413035155944808
ENSMUSE00001059081,2224.56466236437,1.68364745034222,0.241490402342668,6.97190212948162,3.12684062924701e-12,5.69084994522955e-09
ENSMUSE00001369189,225.922861374287,1.65977704055029,0.45611036483995,3.63898119511647,0.00027371878393598,0.0352751617839425
ENSMUSE00001371370,191.936845188762,1.73785014663502,0.369782834349116,4.69965067387174,2.60606885579727e-06,0.000677577902507291
