ID,Description,setSize,enrichmentScore,NES,pvalue,p.adjust,qvalues,rank,leading_edge,core_enrichment
WTvsKO_0h_dn,WTvsKO_0h_dn,4,-0.6414210838145713,-1.5018376072897068,0.06134969325153374,0.1937055837563452,0.1937055837563452,22,"tags=75%, list=5%, signal=72%",Gbp2/Samhd1
WTvsKO_24h_up,WTvsKO_24h_up,1,-0.9727891156462586,-1.2917893799594926,0.06456852791878173,0.1937055837563452,0.1937055837563452,14,"tags=100%, list=3%, signal=97%",
WTvsKO_24h_dn,WTvsKO_24h_dn,4,-0.5046260214286591,-1.173988590068113,0.24041347115705236,0.37833021985917514,0.3783302198591752,32,"tags=75%, list=7%, signal=70%",Ms4a4c/Gm8369
WTvsKO_48h_dn,WTvsKO_48h_dn,28,0.30809348093757943,1.1663120534351703,0.27184150698278664,0.37833021985917514,0.3783302198591752,21,"tags=18%, list=5%, signal=18%",Ccr9/Hsd11b1/Id3/Sla2/Art2b
WTvsKO_6h_dn,WTvsKO_6h_dn,4,0.5297379005220803,1.1174296330237272,0.3152751832159793,0.37833021985917514,0.3783302198591752,21,"tags=50%, list=5%, signal=48%",Sla2/Art2b
WTvsKO_48h_up,WTvsKO_48h_up,7,0.31144094051088955,0.7943042404272018,0.7457120582120582,0.7457120582120582,0.7457120582120581,110,"tags=43%, list=25%, signal=33%",C1qbp/Diaph1/Gtpbp4
