ID,Description,setSize,enrichmentScore,NES,pvalue,p.adjust,qvalues,rank,leading_edge,core_enrichment
WTvsKO_6h_dn,WTvsKO_6h_dn,7,-0.7132867132867133,-1.8871420547382218,0.002085650723025584,0.014599555061179088,0.013172530882266846,295,"tags=100%, list=29%, signal=71%",Gm30054/Epsti1/Card19/Plek/Gramd3/Klrd1
WTvsKO_48h_dn,WTvsKO_48h_dn,39,-0.2776091371954864,-1.2366856641920287,0.20531938571110617,0.46940393151553583,0.4235223442245436,120,"tags=28%, list=12%, signal=26%",Gimap4/Epsti1/Hsd11b1/Dapk2/Casp1/Gramd3/Fam49a/Gtf2i/Smpdl3a/Klrd1
WTvsKO_0h_dn,WTvsKO_0h_dn,4,-0.5530598690384656,-1.208648839399434,0.21614389772558346,0.46940393151553583,0.4235223442245436,78,"tags=75%, list=8%, signal=69%",Plek/Slamf7
WTvsKO_48h_up,WTvsKO_48h_up,13,-0.36014602911990873,-1.173345199094263,0.2682308180088776,0.46940393151553583,0.4235223442245436,410,"tags=62%, list=41%, signal=37%",Txnrd1/Gzmb/Tmem163/Tmem109/Ifng/Tars/Slamf7
WTvsKO_24h_dn,WTvsKO_24h_dn,14,-0.27462151831909787,-0.9167620270836214,0.5702573158425832,0.7983602421796164,0.7203250305379999,102,"tags=71%, list=10%, signal=65%",Phf11b/Gm19585/Cd44/Ms4a4b/Gm26740/Gm8369/Plek/Casp1/Gramd3
WTvsKO_24h_up,WTvsKO_24h_up,5,0.2940847812454845,0.7666284942440078,0.7821301392036257,0.8962401632177208,0.8086377412490714,18,"tags=20%, list=2%, signal=20%",Bcl2
WTvsKO_6h_up,WTvsKO_6h_up,5,-0.28137227911090823,-0.6640831937526391,0.8962401632177208,0.8962401632177208,0.8086377412490714,25,"tags=20%, list=2%, signal=20%",
