ID,Description,setSize,enrichmentScore,NES,pvalue,p.adjust,qvalues,rank,leading_edge,core_enrichment
WTvsKO_24h_dn,WTvsKO_24h_dn,18,-0.597604949023772,-2.5785260875241063,4.424778761061947e-4,0.003097345132743363,0.001863064741499767,201,"tags=89%, list=24%, signal=69%",Slamf6/Ms4a4b/Ms4a6b/Cd160/Stat4/Asap1/Casp1/Nfkbiz/Gramd3/Trim12a/Ehd3/Cd44/Gm26740/Gm8369/Crtam
WTvsKO_48h_dn,WTvsKO_48h_dn,49,-0.6893675873885896,-4.134634345171319,9.140767824497258e-4,0.0031992687385740404,0.0019243721735783701,233,"tags=84%, list=27%, signal=64%",Cd3d/Ifngr1/Pglyrp1/Gimap4/Ifi203/Traf3ip3/Dgka/Utrn/Slamf6/Epsti1/Ms4a4b/Ms4a6b/Pitpnc1/Cd160/Ifi206/Slfn2/Limd2/Mgst2/Emb/Asap1/Casp1/Traf5/Pou2f2/Gramd3/Trim12a/Ehd3/Evl/1810041H14Rik/Traf1/Klrd1/Gm26740/Tcf7/Smpdl3a/Gtf2i/Gpr183/Gm30054/Crtam/Ifi27l2a/Arl5c/Mxd4
WTvsKO_0h_dn,WTvsKO_0h_dn,5,0.75,1.63521776819024,0.01522118281274774,0.03551609322974473,0.021363063596838934,216,"tags=100%, list=25%, signal=75%",Tk1/Ppa1/Racgap1/Kif15/E2f2
WTvsKO_6h_dn,WTvsKO_6h_dn,8,-0.47307592368779616,-1.433911483959253,0.10265544041450778,0.1796470207253886,0.10805835833106081,175,"tags=75%, list=21%, signal=60%",Epsti1/Gramd3/Klrd1/Gm26740/Gm30054
WTvsKO_24h_up,WTvsKO_24h_up,4,0.6172674979049194,1.2548827666644067,0.18533638145003264,0.2594709340300457,0.1560727422737117,2,"tags=25%, list=0%, signal=25%",Gzmb
WTvsKO_48h_up,WTvsKO_48h_up,16,0.3721687302343825,1.1747622487254017,0.27763088313061873,0.3239026969857219,0.19482868991622368,376,"tags=75%, list=44%, signal=43%",Gzmb/Pdia6/P4hb/Psat1/Chchd10/Hspa5/Ybx3/Nars/Vim/Eif2s2/Ncl/C1qbp
WTvsKO_6h_up,WTvsKO_6h_up,4,-0.3523216221493982,-0.8003174997406686,0.7019817073170732,0.7019817073170732,0.4222446359801944,219,"tags=75%, list=26%, signal=56%",Sh2d1a/Cd44
