ID,Description,setSize,enrichmentScore,NES,pvalue,p.adjust,qvalues,rank,leading_edge,core_enrichment
Yao_MP,Yao_MP,3,0.6681614349775784,2.4097660422505847,4.149377593360996e-4,0.0012448132780082987,4.367765887748416e-4,83,"tags=100%, list=37%, signal=66%",Cd55/Cd55/Cd55/Tacc2/Tacc2/Tacc2/Tacc2/Cd86/Cd86
Yao_EXH,Yao_EXH,7,-0.5570776255707762,-1.861149602405315,0.005306676539553252,0.007960014809329877,0.002792987652396448,105,"tags=100%, list=46%, signal=57%",Stk32c/Neb/Irf8/Irf8/Irf8/Neb/Kif15/Irf8/Tmem163/Tmem163/Irf8/Kif18b/Lrrk1
Yao_PRO,Yao_PRO,4,-0.38875781618628436,-1.0145227597870374,0.4451046590141796,0.4451046590141796,0.15617707333830863,120,"tags=86%, list=53%, signal=41%",Kdm4d/Kdm4d/Casp4/Casp4/Kit
