ID,Description,setSize,enrichmentScore,NES,pvalue,p.adjust,qvalues,rank,leading_edge,core_enrichment
WTvsKO_48h_dn,WTvsKO_48h_dn,204,-0.2715807627851237,-1.269043680742598,0.07057798431600348,0.5089605734767025,0.5089605734767025,1185,"tags=36%, list=27%, signal=28%",Fas/Ncoa7/St6galnac3/Galt/Trim12a/Ctso/Ifngas1/Rab37/N4bp2l1/Fbxo32/Gbp2/Gramd3/Lax1/Uba7/Tmem140/Dpp4/Ddx58/Gm26551/Slc28a2/Traf1/Ifi214/Pglyrp1/9330175E14Rik/Lpar6/Xcl1/Zfp945/Ehd3/Cd1d1/Xaf1/Ifi208/Asap1/Gsdmd/Nod1/Sesn3/Smpdl3a/Evi2a/Gm33104/Cysltr2/Mxd1/BC147527/Ifi27l2a/Gtf2i/Syt11/Pacsin1/Gm34794/Gm26740/Gpr183/Tnfsf8/Arl5c/Casp1/Slc25a45/Traf5/Tspan3/Gm15133/Gm30054/Ifi206/Klrd1/Aim2/Oas1a/Gm43672/Mturn/Nfkbie/Crtam/1810041H14Rik/Mxd4/Ikbke/Fam49a/Cpq/Apobec1/Gm47015/Ifi204/Klhl3/Plxdc2
WTvsKO_0h_up,WTvsKO_0h_up,4,-0.6747399176671154,-1.2822932746841282,0.1692283061159142,0.5089605734767025,0.5089605734767025,438,"tags=50%, list=10%, signal=45%",Tmem154
WTvsKO_6h_up,WTvsKO_6h_up,21,-0.40402256520573215,-1.2084629417193853,0.23022598870056496,0.5089605734767025,0.5089605734767025,1419,"tags=62%, list=32%, signal=42%",Egln3/Sh2d1a/Tbkbp1/Gprin3/Mfhas1/Agpat4/Slc14a1/Tmem131l/Fam71b/Cd44/Izumo1r/Ptger4
WTvsKO_24h_dn,WTvsKO_24h_dn,56,-0.3039355952083532,-1.1497387450636234,0.25448028673835127,0.5089605734767025,0.5089605734767025,1200,"tags=50%, list=27%, signal=37%",Ifi211/St6galnac3/Trim12a/Ctso/Ifngas1/Gramd3/Nfkbiz/Nol4l/Chst11/Slc28a2/Ifi214/Ehd3/Asap1/Nod1/Sesn3/Arntl/Stat4/Gm8369/Gm26740/Casp1/Cd44/Runx1/Crtam/Casp4/Cpq/Apobec1/A930024E05Rik
WTvsKO_48h_up,WTvsKO_48h_up,76,0.246738737608377,1.0405103321074434,0.38763410502540935,0.5187787084571737,0.5187787084571737,127,"tags=7%, list=3%, signal=7%",Acsl1/Dennd5a/Tnfrsf4/Itih5/Gzmb
WTvsKO_0h_dn,WTvsKO_0h_dn,26,0.31493188674182104,1.0514398546779782,0.3890840313428803,0.5187787084571737,0.5187787084571737,575,"tags=38%, list=13%, signal=34%",Gm4951/Tk1/Il15ra/Cd74/E2f2/Ppa1/Racgap1/Gvin1/Cd274/Igtp
WTvsKO_24h_up,WTvsKO_24h_up,28,-0.29001385803380975,-0.938228285372483,0.560100297758972,0.6401146260102536,0.6401146260102537,1419,"tags=36%, list=32%, signal=24%",Osm/Gprin3/Crim1/Dgkh/Arid5a/Fam71b/Lilr4b/Izumo1r/Setbp1
WTvsKO_6h_dn,WTvsKO_6h_dn,28,0.25072125683035673,0.8471070334589621,0.659779983901261,0.659779983901261,0.659779983901261,156,"tags=11%, list=4%, signal=10%",Frmd4a/Gm4951/Lockd
