ID,Description,setSize,enrichmentScore,NES,pvalue,p.adjust,qvalues,rank,leading_edge,core_enrichment
WTvsKO_48h_dn,WTvsKO_48h_dn,77,-0.7056343582879472,-3.2836342351462764,0.0020964360587002098,0.012122905027932961,0.007291972949132608,290,"tags=68%, list=13%, signal=61%",Sp100/Limd2/Klrd1/Cd3g/Utrn/Smpdl3a/Slfn2/Ifi203/Emb/9930111J21Rik2/Ifi47/Klf2/Ncald/Dgka/Mndal/Ifi27l2a/S1pr1/Ifi209/Gm26740/Samhd1/Klf3/Rtp4/Inpp4b/Timp2/Sh3bp5/Ifi206/Pik3ip1/Trim12a/Klhl24/Zbp1/Ifi213/Tcf7/Txk/Xaf1/Irf7/Dpp4/Lztfl1/Stat1/Dapl1/Scml4/Ctso/Ms4a4c/Gm30054/Zfp945/Gbp9/Ccr7/Gm2682/Slfn1/Gbp2/Ifit3/Plgrkt
WTvsKO_48h_up,WTvsKO_48h_up,34,0.5762146682273097,1.6910549175050147,0.003463687150837989,0.012122905027932961,0.007291972949132608,344,"tags=38%, list=15%, signal=33%",Ybx3/Zbtb32/Gzmb/Ifng/Ctla2a/Sypl/Tars/Psat1/Vim/Xbp1/P4hb/Slamf7/Pdia6
WTvsKO_24h_up,WTvsKO_24h_up,9,0.6655678978243953,1.4920871547991845,0.04765535646206634,0.08744892002335085,0.052600854149383966,259,"tags=44%, list=11%, signal=40%",Gzmb/Ifng/Vim/Xbp1
WTvsKO_24h_dn,WTvsKO_24h_dn,23,-0.4336426419414861,-1.5394173117901113,0.061224489795918366,0.08744892002335085,0.052600854149383966,219,"tags=61%, list=10%, signal=56%",9930111J21Rik2/Klf2/Mndal/S1pr1/Ifi209/Gm26740/Trim12a/Ifi213/Scml4/Gm8369/Ctso/Ms4a4c/Bcl2a1d
WTvsKO_6h_dn,WTvsKO_6h_dn,15,-0.49559419456041065,-1.6228583898322582,0.06246351430239346,0.08744892002335085,0.052600854149383966,267,"tags=73%, list=12%, signal=65%",Rflnb/Mndal/S1pr1/Ifi209/Gm26740/Dpp4/Nuf2/Scml4/Ms4a4c/Gm30054
WTvsKO_0h_dn,WTvsKO_0h_dn,14,0.4504465638266935,1.1265097232805696,0.3325572846464894,0.3879834987542377,0.2333735330852557,470,"tags=50%, list=21%, signal=40%",Tk1/Plek/Kif15/E2f2/Slamf7/Racgap1/Ppa1
WTvsKO_6h_up,WTvsKO_6h_up,8,0.3338480455492002,0.7277560264510644,0.8104592168596332,0.8104592168596332,0.4874942657802305,740,"tags=50%, list=32%, signal=34%",Ezh2/Tbx21/Myo1g/Thy1
